"Condition","Mean_Digestibility","SD_Digestibility","Mean_Activity","SD_Activity"
"Control",65.3666666666667,0.665832811847937,0.446666666666667,0.0251661147842358
"Fermented",78.4666666666667,0.665832811847939,0.626666666666667,0.0208166599946613
"Fermented+Heated",85.2666666666667,0.665832811847939,0.716666666666667,0.0152752523165195
"Heated",72.5666666666667,0.802080627701069,0.546666666666667,0.0152752523165195
